<?xml version="1.0" encoding="UTF-8"?><idempiere Name="QuickInfo_LastProductPrice" Version="1.0.0" idempiereVersion="" DataBaseVersion="" Description="" Author="" AuthorEmail="" CreatedDate="2025-07-28 15:37:53.939" UpdatedDate="2025-07-28 15:41:30.601" PackOutVersion="100" UpdateDictionary="false" Client="0-SYSTEM-System" AD_Client_UU="11237b53-9592-4af1-b3c5-afd216514b5d">
    <AD_Message type="table">
        <AD_Client_ID>0</AD_Client_ID>
        <AD_Org_ID>0</AD_Org_ID>
        <MsgType>I</MsgType>
        <MsgText>&lt;hr&gt;&lt;b&gt;Price difference with the last invoice&lt;/b&gt; &lt;br&gt;
&lt;table style="width:100%"&gt;
&lt;tr&gt;
&lt;th&gt;Product&lt;/th&gt;
&lt;th&gt;Last Price&lt;/th&gt;
&lt;th&gt;Diff&lt;/th&gt;
&lt;/tr&gt;
{0}
&lt;/table&gt;</MsgText>
        <MsgTip/>
        <IsActive>Y</IsActive>
        <Value>QuickInfo_LastProductPrice</Value>
        <EntityType>U</EntityType>
        <AD_Message_UU>0585e774-ea05-47eb-95b7-85f501c74601</AD_Message_UU>
        <AD_Message_Trl type="translation">
            <MsgText>&lt;hr&gt;&lt;b&gt;Price difference with the last invoice&lt;/b&gt; &lt;br&gt;
&lt;table style="width:100%"&gt;
&lt;tr&gt;
&lt;th&gt;Product&lt;/th&gt;
&lt;th&gt;Last Price&lt;/th&gt;
&lt;th&gt;Diff&lt;/th&gt;
&lt;/tr&gt;
{0}
&lt;/table&gt;</MsgText>
            <MsgTip/>
            <AD_Language>de_DE</AD_Language>
            <IsActive>Y</IsActive>
            <IsTranslated>N</IsTranslated>
        </AD_Message_Trl>
        <AD_Message_Trl type="translation">
            <MsgText>&lt;hr&gt;&lt;b&gt;Price difference with the last invoice&lt;/b&gt; &lt;br&gt;
&lt;table style="width:100%"&gt;
&lt;tr&gt;
&lt;th&gt;Product&lt;/th&gt;
&lt;th&gt;Last Price&lt;/th&gt;
&lt;th&gt;Diff&lt;/th&gt;
&lt;/tr&gt;
{0}
&lt;/table&gt;</MsgText>
            <MsgTip/>
            <AD_Language>en_US</AD_Language>
            <IsActive>Y</IsActive>
            <IsTranslated>N</IsTranslated>
        </AD_Message_Trl>
        <AD_Message_Trl type="translation">
            <MsgText>&lt;hr&gt;&lt;b&gt;Diferencias de precio con la última factura&lt;/b&gt;&lt;br&gt;
&lt;table style="width:100%"&gt;
&lt;tr&gt;
&lt;th&gt;Producto&lt;/th&gt;
&lt;th&gt;Precio anterior&lt;/th&gt;
&lt;th&gt;Dif.&lt;/th&gt;
&lt;/tr&gt;
{0}
&lt;/table&gt;

</MsgText>
            <MsgTip/>
            <AD_Language>es_CO</AD_Language>
            <IsActive>Y</IsActive>
            <IsTranslated>N</IsTranslated>
        </AD_Message_Trl>
    </AD_Message>
    <AD_StatusLine type="table">
        <AD_Client_ID>0</AD_Client_ID>
        <AD_Org_ID>0</AD_Org_ID>
        <AD_StatusLine_UU>8091f4aa-3837-4af6-be3b-164e0d785545</AD_StatusLine_UU>
        <EntityType>U</EntityType>
        <IsActive>Y</IsActive>
        <Name>QuickInfo_LastProductPrice</Name>
        <AD_Message_ID reference="uuid" reference-key="AD_Message">0585e774-ea05-47eb-95b7-85f501c74601</AD_Message_ID>
        <SQLStatement>SELECT COALESCE(string_agg(distinct '&lt;tr&gt; &lt;td&gt;' || mp.name || '&lt;/td&gt; &lt;td style="text-align:center"&gt; ' || CAST (ci2.priceactual AS money) || '&lt;/td&gt; &lt;td style="text-align:right"&gt; ' || CAST(ci.priceactual - ci2.priceactual AS money) || '&lt;/td&gt;', ' &lt;/tr&gt; '),'')
FROM c_invoice i
JOIN c_invoiceline ci ON ci.c_invoice_id = i.c_invoice_id 
JOIN m_product mp ON mp.m_product_id = ci.m_product_id 
JOIN c_invoiceline ci2 ON ci2.m_product_id = ci.m_product_id AND 
						  ci2.c_invoice_id = (SELECT MAX(i2.c_invoice_id) 
						  						FROM c_invoice i2 
						  						WHERE i2.c_invoice_id &lt;&gt; i.c_invoice_id
						  						AND i2.docstatus IN ('CO','CL')
						  						AND i2.dateinvoiced &lt; i.dateinvoiced 
						  						AND (get_sysconfig('DCI_STATUSLINE_SAME_BP','N',i.ad_client_id,i.ad_org_id)='N' OR i2.c_bpartner_id = i.c_bpartner_id)
						  						AND i2.issotrx = 'N'
						  						AND EXISTS (SELECT 1 FROM C_Invoiceline l WHERE l.c_invoice_id=i2.c_invoice_id
						  									AND l.m_product_id=ci.m_product_id))
WHERE issotrx = 'N' AND i.isactive = 'Y' AND i.c_invoice_id = @C_Invoice_ID@ </SQLStatement>
        <IsShowInApp>N</IsShowInApp>
        <AD_StatusLineUsedIn type="table">
            <AD_Client_ID>0</AD_Client_ID>
            <AD_Org_ID>0</AD_Org_ID>
            <AD_StatusLineUsedIn_UU>9643d900-5294-4735-b323-7d7f103ead24</AD_StatusLineUsedIn_UU>
            <AD_StatusLine_ID reference="uuid" reference-key="AD_StatusLine">8091f4aa-3837-4af6-be3b-164e0d785545</AD_StatusLine_ID>
            <IsActive>Y</IsActive>
            <AD_Window_ID reference="id">183</AD_Window_ID>
            <AD_Tab_ID reference="id"/>
            <IsStatusLine>N</IsStatusLine>
            <SeqNo>10</SeqNo>
            <AD_Table_ID reference="id"/>
            <EntityType>U</EntityType>
            <AD_InfoWindow_ID reference="id"/>
        </AD_StatusLineUsedIn>
    </AD_StatusLine>
</idempiere>
